symbol,name,summary,GO_BP,GO_MF,GO_CC
MTCO1P12,MT-CO1 pseudogene 12,,,,
FTH1,ferritin heavy chain 1,"This gene encodes the heavy subunit of ferritin, the major intracellular iron storage protein in prokaryotes and eukaryotes. It is composed of 24 subunits of the heavy and light ferritin chains. Variation in ferritin subunit composition may affect the rates of iron uptake and release in different tissues. A major function of ferritin is the storage of iron in a soluble and nontoxic state. Defects in ferritin proteins are associated with several neurodegenerative diseases. This gene has multiple pseudogenes. Several alternatively spliced transcript variants have been observed, but their biological validity has not been determined. [provided by RefSeq, Jul 2008].",iron ion transport; iron ion transport; intracellular iron ion homeostasis; intracellular iron ion homeostasis; immune response; negative regulation of cell population proliferation; negative regulation of fibroblast proliferation; negative regulation of ferroptosis,ferroxidase activity; ferroxidase activity; iron ion binding; protein binding; ferrous iron binding; ferrous iron binding; ferric iron binding; ferric iron binding; oxidoreductase activity; identical protein binding; metal ion binding; iron ion sequestering activity,extracellular region; nucleus; cytoplasm; cytoplasm; lysosome; autophagosome; cytosol; cytoplasmic vesicle; autolysosome; extracellular exosome; ferritin complex; tertiary granule lumen; ficolin-1-rich granule lumen
ZFC3H1,zinc finger C3H1-type containing,"Predicted to enable metal ion binding activity. Predicted to be involved in RNA processing. Located in nucleus. Part of exosome (RNase complex). [provided by Alliance of Genome Resources, Apr 2022]",RNA processing,protein binding; zinc ion binding; metal ion binding,exosome (RNase complex); extracellular space; nucleus; nucleus; nucleus; nucleolus; MTREC complex
TRNY,tRNA-Tyr,,,,
HLA-B,"major histocompatibility complex, class I, B","HLA-B belongs to the HLA class I heavy chain paralogues. This class I molecule is a heterodimer consisting of a heavy chain and a light chain (beta-2 microglobulin). The heavy chain is anchored in the membrane. Class I molecules play a central role in the immune system by presenting peptides derived from the endoplasmic reticulum lumen. They are expressed in nearly all cells. The heavy chain is approximately 45 kDa and its gene contains 8 exons. Exon 1 encodes the leader peptide, exon 2 and 3 encode the alpha1 and alpha2 domains, which both bind the peptide, exon 4 encodes the alpha3 domain, exon 5 encodes the transmembrane region and exons 6 and 7 encode the cytoplasmic tail. Polymorphisms within exon 2 and exon 3 are responsible for the peptide binding specificity of each class one molecule. Typing for these polymorphisms is routinely done for bone marrow and kidney transplantation. Hundreds of HLA-B alleles have been described. [provided by RefSeq, Jul 2008].","positive regulation of T cell mediated cytotoxicity; positive regulation of T cell mediated cytotoxicity; adaptive immune response; immune system process; antigen processing and presentation of peptide antigen via MHC class I; antigen processing and presentation of endogenous peptide antigen via MHC class Ib; antigen processing and presentation of endogenous peptide antigen via MHC class I via ER pathway, TAP-independent; antigen processing and presentation of endogenous peptide antigen via MHC class I via ER pathway, TAP-independent; regulation of T cell anergy; defense response; immune response; immune response; immune response; immune response; detection of bacterium; antigen processing and presentation; regulation of interleukin-12 production; regulation of interleukin-6 production; protection from natural killer cell mediated cytotoxicity; innate immune response; regulation of dendritic cell differentiation",signaling receptor binding; signaling receptor binding; protein binding; peptide antigen binding; peptide antigen binding; TAP binding; TAP binding; protein-folding chaperone binding,Golgi membrane; extracellular space; endoplasmic reticulum; endoplasmic reticulum; endoplasmic reticulum membrane; Golgi apparatus; plasma membrane; plasma membrane; plasma membrane; external side of plasma membrane; cell surface; cell surface; cell surface; ER to Golgi transport vesicle membrane; ER to Golgi transport vesicle membrane; membrane; membrane; membrane; secretory granule membrane; phagocytic vesicle membrane; phagocytic vesicle membrane; early endosome membrane; early endosome membrane; MHC class I protein complex; MHC class I protein complex; recycling endosome membrane; recycling endosome membrane; extracellular exosome; lumenal side of endoplasmic reticulum membrane; lumenal side of endoplasmic reticulum membrane
RPL18A,ribosomal protein L18a,"Ribosomes, the organelles that catalyze protein synthesis, consist of a small 40S subunit and a large 60S subunit. Together these subunits are composed of 4 RNA species and approximately 80 structurally distinct proteins. This gene encodes a member of the L18AE family of ribosomal proteins that is a component of the 60S subunit. The encoded protein may play a role in viral replication by interacting with the hepatitis C virus internal ribosome entry site (IRES). This gene is co-transcribed with the U68 snoRNA, located within the third intron. As is typical for genes encoding ribosomal proteins, there are multiple processed pseudogenes of this gene dispersed throughout the genome. [provided by RefSeq, Jul 2012].",cytoplasmic translation; cytoplasmic translation; cytoplasmic translation; cytoplasmic translation; translation; translation; translation,RNA binding; RNA binding; structural constituent of ribosome; structural constituent of ribosome; structural constituent of ribosome; structural constituent of ribosome; structural constituent of ribosome; protein binding,cytoplasm; cytoplasm; cytosol; ribosome; postsynaptic density; membrane; cytosolic large ribosomal subunit; cytosolic large ribosomal subunit; cytosolic large ribosomal subunit; cytosolic large ribosomal subunit; cytosolic large ribosomal subunit; cytosolic large ribosomal subunit; cytosolic ribosome; ribonucleoprotein complex
RN7SL1,RNA component of signal recognition particle 7SL1,"The signal recognition particle (SRP) is a cytoplasmic ribonucleoprotein complex that mediates cotranslational insertion of secretory proteins into the lumen of the endoplasmic reticulum. The SRP consists of 6 polypeptides (e.g., SRP19; MIM 182175) and a 7SL RNA molecule, such as RN7SL1, that is partially homologous to Alu DNA (Ullu and Weiner, 1984 [PubMed 6084597]).[supplied by OMIM, Jul 2008].","SRP-dependent cotranslational protein targeting to membrane, signal sequence recognition",,"signal recognition particle, endoplasmic reticulum targeting"
RPL12,ribosomal protein L12,"Ribosomes, the organelles that catalyze protein synthesis, consist of a small 40S subunit and a large 60S subunit. Together these subunits are composed of 4 RNA species and approximately 80 structurally distinct proteins. This gene encodes a ribosomal protein that is a component of the 60S subunit. The protein belongs to the L11P family of ribosomal proteins. It is located in the cytoplasm. The protein binds directly to the 26S rRNA. This gene is co-transcribed with the U65 snoRNA, which is located in its fourth intron. As is typical for genes encoding ribosomal proteins, there are multiple processed pseudogenes of this gene dispersed through the genome. [provided by RefSeq, Jul 2008].",cytoplasmic translation; cytoplasmic translation; translation; translation; translation,RNA binding; RNA binding; structural constituent of ribosome; structural constituent of ribosome; structural constituent of ribosome; structural constituent of ribosome; protein binding; large ribosomal subunit rRNA binding,cytoplasm; cytoplasm; cytosol; ribosome; focal adhesion; postsynaptic density; postsynaptic density; membrane; cytosolic large ribosomal subunit; cytosolic large ribosomal subunit; cytosolic large ribosomal subunit; cytosolic ribosome; extracellular exosome; ribonucleoprotein complex
ONECUT2,one cut homeobox 2,"This gene encodes a member of the onecut family of transcription factors, which are characterized by a cut domain and an atypical homeodomain. The protein binds to specific DNA sequences and stimulates expression of target genes, including genes involved in melanocyte and hepatocyte differentiation. [provided by RefSeq, Jul 2008].",liver development; regulation of cell-matrix adhesion; epithelial cell development; regulation of transcription by RNA polymerase II; transforming growth factor beta receptor signaling pathway; anatomical structure morphogenesis; animal organ morphogenesis; cell migration; negative regulation of transforming growth factor beta receptor signaling pathway; pancreas development; endocrine pancreas development; cell fate commitment; positive regulation of transcription by RNA polymerase II; positive regulation of transcription by RNA polymerase II; peripheral nervous system neuron development; cilium assembly; mesenchymal stem cell migration; positive regulation of mesenchymal stem cell migration,"RNA polymerase II cis-regulatory region sequence-specific DNA binding; RNA polymerase II cis-regulatory region sequence-specific DNA binding; RNA polymerase II cis-regulatory region sequence-specific DNA binding; DNA-binding transcription factor activity, RNA polymerase II-specific; DNA-binding transcription factor activity, RNA polymerase II-specific; DNA-binding transcription activator activity, RNA polymerase II-specific; DNA binding; DNA-binding transcription factor activity; sequence-specific double-stranded DNA binding",chromatin; nucleus; nucleus; nucleoplasm; actin cytoskeleton
GAPDHP35,glyceraldehyde 3 phosphate dehydrogenase pseudogene 35,,,,
GAPDHP35,glyceraldehyde 3 phosphate dehydrogenase pseudogene 35,,,,
EDN3,endothelin 3,"The protein encoded by this gene is a member of the endothelin family. Endothelins are endothelium-derived vasoactive peptides involved in a variety of biological functions. The active form of this protein is a 21 amino acid peptide processed from the precursor protein. The active peptide is a ligand for endothelin receptor type B (EDNRB). The interaction of this endothelin with EDNRB is essential for development of neural crest-derived cell lineages, such as melanocytes and enteric neurons. Mutations in this gene and EDNRB have been associated with Hirschsprung disease (HSCR) and Waardenburg syndrome (WS), which are congenital disorders involving neural crest-derived cells. Altered expression of this gene is implicated in tumorigenesis. Alternative splicing results in multiple transcript variants encoding different isoforms. [provided by RefSeq, Oct 2014].",neural crest cell migration; positive regulation of leukocyte chemotaxis; regulation of systemic arterial blood pressure by endothelin; regulation of systemic arterial blood pressure by endothelin; intracellular calcium ion homeostasis; intracellular calcium ion homeostasis; signal transduction; cell surface receptor signaling pathway; cell-cell signaling; axon guidance; blood circulation; cell population proliferation; positive regulation of cell population proliferation; positive regulation of cell population proliferation; positive regulation of heart rate; regulation of gene expression; intracellular magnesium ion homeostasis; artery smooth muscle contraction; vein smooth muscle contraction; vein smooth muscle contraction; regulation of vasoconstriction; peptide hormone secretion; neuron differentiation; melanocyte differentiation; regulation of cell migration; neutrophil chemotaxis; neuron projection development; vasoconstriction; vasoconstriction; positive regulation of MAPK cascade; positive regulation of cell differentiation; positive regulation of mitotic nuclear division; positive regulation of smooth muscle contraction; positive regulation of hormone secretion; regulation of developmental pigmentation; axon extension; establishment of localization in cell; potassium ion transmembrane transport; blood vessel diameter maintenance; positive regulation of potassium ion transmembrane transport,signaling receptor binding; hormone activity; hormone activity; endothelin B receptor binding; endothelin B receptor binding,extracellular region; extracellular region; extracellular space; extracellular space
TTR,transthyretin,"This gene encodes one of the three prealbumins, which include alpha-1-antitrypsin, transthyretin and orosomucoid. The encoded protein, transthyretin, is a homo-tetrameric carrier protein, which transports thyroid hormones in the plasma and cerebrospinal fluid. It is also involved in the transport of retinol (vitamin A) in the plasma by associating with retinol-binding protein. The protein may also be involved in other intracellular processes including proteolysis, nerve regeneration, autophagy and glucose homeostasis. Mutations in this gene are associated with amyloid deposition, predominantly affecting peripheral nerves or the heart, while a small percentage of the gene mutations are non-amyloidogenic. The mutations are implicated in the etiology of several diseases, including amyloidotic polyneuropathy, euthyroid hyperthyroxinaemia, amyloidotic vitreous opacities, cardiomyopathy, oculoleptomeningeal amyloidosis, meningocerebrovascular amyloidosis and carpal tunnel syndrome. [provided by RefSeq, Aug 2017].","retinoid metabolic process; negative regulation of glomerular filtration; purine nucleobase metabolic process; phototransduction, visible light",hormone activity; protein binding; hormone binding; identical protein binding; protein-containing complex binding; molecular sequestering activity,extracellular region; extracellular region; extracellular region; extracellular region; extracellular space; extracellular space; extracellular space; cytoplasm; protein-containing complex; azurophil granule lumen; extracellular exosome
FXYD2,FXYD domain containing ion transport regulator 2,"This gene encodes a member of the FXYD family of transmembrane proteins. This particular protein encodes the sodium/potassium-transporting ATPase subunit gamma. Mutations in this gene have been associated with Renal Hypomagnesemia-2. Alternatively spliced transcript variants have been described. Read-through transcripts have been observed between this locus and the upstream FXYD domain-containing ion transport regulator 6 (FXYD6, GeneID 53826) locus.[provided by RefSeq, Feb 2011].",monoatomic ion transport; potassium ion transport; sodium ion transport; intracellular sodium ion homeostasis; negative regulation of cell population proliferation; establishment or maintenance of transmembrane electrochemical gradient; intracellular potassium ion homeostasis; sodium ion export across plasma membrane; sodium ion export across plasma membrane; regulation of monoatomic ion transport; transmembrane transport; cellular hyperosmotic salinity response; inorganic cation transmembrane transport; proton transmembrane transport; positive regulation of sodium ion export across plasma membrane; potassium ion import across plasma membrane; potassium ion import across plasma membrane,ATPase activator activity; protein binding; sodium channel regulator activity; sodium channel regulator activity; protein-macromolecule adaptor activity; ion channel regulator activity,plasma membrane; sodium:potassium-exchanging ATPase complex; sodium:potassium-exchanging ATPase complex; sodium:potassium-exchanging ATPase complex; sodium:potassium-exchanging ATPase complex; membrane; basolateral plasma membrane; extracellular exosome
RAB21,"RAB21, member RAS oncogene family","This gene belongs to the Rab family of monomeric GTPases, which are involved in the control of cellular membrane traffic. The encoded protein plays a role in the targeted trafficking of integrins via its association with integrin alpha tails. As a consequence, the encoded protein is involved in the regulation of cell adhesion and migration. Expression of this gene is associated with a poor prognosis for glioma patients. This gene is downregulated by the tumor suppressor miR-200b, and miRNA-200b is itself downregulated in glioma tissues. [provided by RefSeq, Nov 2015].",intracellular protein transport; anterograde axonal transport; anterograde axonal transport; anterograde axonal transport; protein transport; regulation of exocytosis; regulation of axon extension; Rab protein signal transduction; positive regulation of receptor-mediated endocytosis; positive regulation of dendrite morphogenesis; protein stabilization; positive regulation of early endosome to late endosome transport,nucleotide binding; GTPase activity; GTPase activity; GTPase activity; protein binding; GTP binding; GTP binding; GTP binding; GDP binding,Golgi membrane; endosome; endosome; early endosome; endoplasmic reticulum; endoplasmic reticulum membrane; Golgi apparatus; trans-Golgi network; cytosol; focal adhesion; cytoplasmic side of plasma membrane; endomembrane system; vesicle membrane; membrane; cytoplasmic vesicle membrane; cytoplasmic vesicle; early endosome membrane; early endosome membrane; cleavage furrow; Golgi cisterna membrane; cell projection; neuron projection; synapse; extracellular exosome; cytoplasmic side of early endosome membrane; axon cytoplasm
CCAR2,cell cycle and apoptosis regulator 2,"Enables RNA polymerase II complex binding activity and enzyme inhibitor activity. Involved in several processes, including regulation of cellular protein metabolic process; regulation of signal transduction; and regulation of transcription, DNA-templated. Located in several cellular components, including mitochondrial matrix; nucleoplasm; and spindle. Part of DBIRD complex. [provided by Alliance of Genome Resources, Apr 2022]",regulation of DNA-templated transcription; mRNA processing; apoptotic process; DNA damage response; RNA splicing; RNA splicing; response to UV; Wnt signaling pathway; negative regulation of cell growth; regulation of protein stability; negative regulation of proteasomal ubiquitin-dependent protein catabolic process; regulation of DNA-templated transcription elongation; regulation of circadian rhythm; regulation of circadian rhythm; positive regulation of apoptotic process; negative regulation of catalytic activity; mitochondrial fragmentation involved in apoptotic process; negative regulation of DNA-templated transcription; negative regulation of DNA-templated transcription; rhythmic process; positive regulation of canonical Wnt signaling pathway; regulation of protein deacetylation; negative regulation of intrinsic apoptotic signaling pathway in response to DNA damage; positive regulation of DNA damage checkpoint,adenyl-nucleotide exchange factor activity; RNA polymerase II complex binding; RNA binding; enzyme inhibitor activity; enzyme inhibitor activity; enzyme inhibitor activity; protein binding; enzyme binding; unfolded protein binding,chromatin; nucleus; nucleus; nucleoplasm; nucleoplasm; cytoplasm; cytoplasm; mitochondrial matrix; spindle; spindle; cytoskeleton; DBIRD complex
MAST1,microtubule associated serine/threonine kinase 1,"This gene is a member of the microtubule-associated serine/threonine kinase (MAST) family. The protein encoded by this gene has an N-terminal serine/threonine kinase domain followed by a postsynaptic density protein-95/discs large/zona occludens-1 (PDZ) domain. In mouse and rat, the orthologous protein associates with the cytoskeleton and can bind both beta-2-syntrophin and neuronal nitric oxide synthase (nNOS) through its PDZ domain. In mouse and rat, this protein also co-localizes with dystrophin- and utrophin-associated protein complexes (DAPC/UAPC) in the vascular endothelium of the central nervous system. [provided by RefSeq, May 2017].",protein phosphorylation; cytoskeleton organization; cytoskeleton organization; cytoskeleton organization; brain development; brain development; brain development; intracellular signal transduction; intracellular signal transduction,nucleotide binding; magnesium ion binding; magnesium ion binding; protein kinase activity; protein serine/threonine kinase activity; protein serine/threonine kinase activity; protein serine/threonine kinase activity; protein binding; ATP binding; ATP binding; microtubule binding; microtubule binding; kinase activity; transferase activity; metal ion binding; protein serine kinase activity,cytoplasm; cytoskeleton; plasma membrane; membrane; axon; dendrite; cell projection; neuron projection; neuron projection; neuronal cell body; neuronal cell body
EGFR,epidermal growth factor receptor,"The protein encoded by this gene is a transmembrane glycoprotein that is a member of the protein kinase superfamily. This protein is a receptor for members of the epidermal growth factor family. EGFR is a cell surface protein that binds to epidermal growth factor, thus inducing receptor dimerization and tyrosine autophosphorylation leading to cell proliferation. Mutations in this gene are associated with lung cancer. EGFR is a component of the cytokine storm which contributes to a severe form of Coronavirus Disease 2019 (COVID-19) resulting from infection with severe acute respiratory syndrome coronavirus-2 (SARS-CoV-2). [provided by RefSeq, Jul 2020].",MAPK cascade; cell morphogenesis; ossification; embryonic placenta development; positive regulation of protein phosphorylation; hair follicle development; signal transduction; signal transduction; signal transduction; cell surface receptor signaling pathway; cell surface receptor protein tyrosine kinase signaling pathway; epidermal growth factor receptor signaling pathway; epidermal growth factor receptor signaling pathway; epidermal growth factor receptor signaling pathway; epidermal growth factor receptor signaling pathway; epidermal growth factor receptor signaling pathway; epidermal growth factor receptor signaling pathway; salivary gland morphogenesis; learning or memory; cell population proliferation; positive regulation of cell population proliferation; positive regulation of cell population proliferation; positive regulation of cell population proliferation; epidermis development; regulation of signal transduction; cerebral cortex cell migration; neuron differentiation; positive regulation of cell growth; positive regulation of cell migration; positive regulation of peptidyl-serine phosphorylation; ERBB signaling pathway; ERBB2-EGFR signaling pathway; ERBB2-EGFR signaling pathway; negative regulation of epidermal growth factor receptor signaling pathway; negative regulation of epidermal growth factor receptor signaling pathway; regulation of cell population proliferation; regulation of cell population proliferation; negative regulation of protein catabolic process; positive regulation of phosphorylation; negative regulation of apoptotic process; negative regulation of apoptotic process; positive regulation of MAPK cascade; positive regulation of MAPK cascade; phosphatidylinositol 3-kinase/protein kinase B signal transduction; positive regulation of DNA repair; positive regulation of DNA replication; positive regulation of transcription by RNA polymerase II; symbiont entry into host cell; positive regulation of fibroblast proliferation; digestive tract morphogenesis; epithelial cell proliferation; positive regulation of epithelial cell proliferation; positive regulation of epithelial cell proliferation; positive regulation of epithelial cell proliferation; regulation of peptidyl-tyrosine phosphorylation; protein insertion into membrane; positive regulation of phosphatidylinositol 3-kinase/protein kinase B signal transduction; morphogenesis of an epithelial fold; eyelid development in camera-type eye; response to UV-A; positive regulation of ERK1 and ERK2 cascade; positive regulation of ERK1 and ERK2 cascade; cellular response to amino acid stimulus; cellular response to growth factor stimulus; cellular response to epidermal growth factor stimulus; cellular response to estradiol stimulus; positive regulation of protein kinase C signaling; positive regulation of canonical Wnt signaling pathway; cell-cell adhesion; positive regulation of G1/S transition of mitotic cell cycle; positive regulation of miRNA transcription; positive regulation of protein localization to plasma membrane; negative regulation of cardiocyte differentiation,nucleotide binding; virus receptor activity; chromatin binding; double-stranded DNA binding; protein kinase activity; MAP kinase kinase kinase activity; protein tyrosine kinase activity; protein tyrosine kinase activity; protein tyrosine kinase activity; protein tyrosine kinase activity; transmembrane receptor protein tyrosine kinase activity; transmembrane receptor protein tyrosine kinase activity; transmembrane receptor protein tyrosine kinase activity; transmembrane signaling receptor activity; epidermal growth factor receptor activity; epidermal growth factor receptor activity; epidermal growth factor receptor activity; epidermal growth factor receptor activity; epidermal growth factor receptor activity; protein binding; ATP binding; kinase activity; transferase activity; enzyme binding; kinase binding; protein phosphatase binding; protein tyrosine kinase activator activity; ubiquitin protein ligase binding; identical protein binding; cadherin binding; epidermal growth factor binding; epidermal growth factor binding; actin filament binding; ATPase binding,"Golgi membrane; extracellular region; extracellular space; nucleus; nucleus; cytoplasm; endosome; endosome; endosome; endoplasmic reticulum; endoplasmic reticulum membrane; Golgi apparatus; Golgi apparatus; cytosol; plasma membrane; plasma membrane; plasma membrane; plasma membrane; plasma membrane; focal adhesion; cilium; basal plasma membrane; cell surface; cell surface; endosome membrane; endosome membrane; endosome membrane; membrane; membrane; basolateral plasma membrane; basolateral plasma membrane; cell junction; endocytic vesicle; clathrin-coated endocytic vesicle membrane; early endosome membrane; nuclear membrane; ruffle membrane; protein-containing complex; ciliary basal body; receptor complex; receptor complex; receptor complex; membrane raft; membrane raft; perinuclear region of cytoplasm; perinuclear region of cytoplasm; Shc-EGFR complex; multivesicular body, internal vesicle lumen; intracellular vesicle"
NAPEPLD,N-acyl phosphatidylethanolamine phospholipase D,"NAPEPLD is a phospholipase D type enzyme that catalyzes the release of N-acylethanolamine (NAE) from N-acyl-phosphatidylethanolamine (NAPE) in the second step of the biosynthesis of N-acylethanolamine (Okamoto et al., 2004 [PubMed 14634025]).[supplied by OMIM, Oct 2008].",temperature homeostasis; temperature homeostasis; lipid metabolic process; phospholipid metabolic process; phospholipid catabolic process; lipid catabolic process; response to isolation stress; host-mediated regulation of intestinal microbiota composition; host-mediated regulation of intestinal microbiota composition; positive regulation of inflammatory response; positive regulation of inflammatory response; N-acylethanolamine metabolic process; N-acylethanolamine metabolic process; N-acylphosphatidylethanolamine metabolic process; N-acylphosphatidylethanolamine metabolic process; N-acylphosphatidylethanolamine metabolic process; positive regulation of brown fat cell differentiation; positive regulation of brown fat cell differentiation; negative regulation of eating behavior,phospholipase activity; zinc ion binding; zinc ion binding; hydrolase activity; bile acid binding; identical protein binding; metal ion binding; N-acylphosphatidylethanolamine-specific phospholipase D activity; N-acylphosphatidylethanolamine-specific phospholipase D activity; N-acylphosphatidylethanolamine-specific phospholipase D activity; N-acylphosphatidylethanolamine-specific phospholipase D activity,Golgi membrane; nucleus; nuclear envelope; nuclear envelope; nucleoplasm; nucleoplasm; cytoplasm; endosome; early endosome; Golgi apparatus; Golgi apparatus; membrane; smooth endoplasmic reticulum membrane; early endosome membrane; photoreceptor outer segment membrane; presynaptic membrane; neuron projection; neuronal cell body; postsynaptic membrane; extracellular exosome; hippocampal mossy fiber to CA3 synapse; presynapse
TRAPPC9,trafficking protein particle complex subunit 9,"This gene encodes a protein that likely plays a role in NF-kappa-B signaling. Mutations in this gene have been associated with autosomal-recessive cognitive disability. Alternatively spliced transcript variants have been described.[provided by RefSeq, Feb 2010].",endoplasmic reticulum to Golgi vesicle-mediated transport; vesicle coating; cerebral cortex development; cell differentiation; neuron differentiation; vesicle tethering,protein binding,cytoplasm; cytoplasm; endoplasmic reticulum; Golgi apparatus; trans-Golgi network; cytosol; TRAPP complex; TRAPPII protein complex
RPS19,ribosomal protein S19,"Ribosomes, the organelles that catalyze protein synthesis, consist of a small 40S subunit and a large 60S subunit. Together these subunits are composed of 4 RNA species and approximately 80 structurally distinct proteins. This gene encodes a ribosomal protein that is a component of the 40S subunit. The protein belongs to the S19E family of ribosomal proteins. It is located in the cytoplasm. Mutations in this gene cause Diamond-Blackfan anemia (DBA), a constitutional erythroblastopenia characterized by absent or decreased erythroid precursors, in a subset of patients. This suggests a possible extra-ribosomal function for this gene in erythropoietic differentiation and proliferation, in addition to its ribosomal function. Higher expression levels of this gene in some primary colon carcinomas compared to matched normal colon tissues has been observed. As is typical for genes encoding ribosomal proteins, there are multiple processed pseudogenes of this gene dispersed through the genome. [provided by RefSeq, Jul 2008].","ribosomal small subunit assembly; ribosomal small subunit assembly; maturation of SSU-rRNA from tricistronic rRNA transcript (SSU-rRNA, 5.8S rRNA, LSU-rRNA); cytoplasmic translation; cytoplasmic translation; monocyte chemotaxis; rRNA processing; translation; translation; nucleolus organization; erythrocyte differentiation; maturation of SSU-rRNA; killing of cells of another organism; ribosomal small subunit biogenesis; ribosomal small subunit biogenesis; defense response to Gram-negative bacterium; positive regulation of respiratory burst involved in inflammatory response; negative regulation of respiratory burst involved in inflammatory response; antimicrobial humoral immune response mediated by antimicrobial peptide",RNA binding; RNA binding; structural constituent of ribosome; structural constituent of ribosome; structural constituent of ribosome; structural constituent of ribosome; structural constituent of ribosome; protein binding; fibroblast growth factor binding; protein kinase binding; identical protein binding,nucleus; nucleoplasm; nucleoplasm; nucleolus; nucleolus; cytoplasm; cytoplasm; cytoplasm; cytosol; cytosol; ribosome; ribosome; focal adhesion; postsynaptic density; postsynaptic density; membrane; cytosolic ribosome; cytosolic small ribosomal subunit; cytosolic small ribosomal subunit; cytosolic small ribosomal subunit; cytosolic small ribosomal subunit; small-subunit processome; extracellular exosome; ribonucleoprotein complex
IRF2BPL,interferon regulatory factor 2 binding protein like,"This gene encodes a transcription factor that may play a role in regulating female reproductive function. [provided by RefSeq, Jun 2012].",negative regulation of transcription by RNA polymerase II; nervous system development; protein ubiquitination; positive regulation of transcription by RNA polymerase II; development of secondary female sexual characteristics,protein binding; zinc ion binding; transferase activity; metal ion binding; ubiquitin protein ligase activity,extracellular space; nucleus; nucleus; nucleus; nucleoplasm
PHF2,PHD finger protein 2,"This gene encodes a protein which contains a zinc finger-like PHD (plant homeodomain) finger, distinct from other classes of zinc finger motifs, and a hydrophobic and highly conserved domain. The PHD finger shows the typical Cys4-His-Cys3 arrangement. PHD finger genes are thought to belong to a diverse group of transcriptional regulators possibly affecting eukaryotic gene expression by influencing chromatin structure. [provided by RefSeq, Jul 2008].",liver development; chromatin organization; chromatin remodeling; regulation of transcription by RNA polymerase II; protein demethylation; transcription initiation-coupled chromatin remodeling; transcription initiation-coupled chromatin remodeling; positive regulation of DNA-templated transcription; negative regulation of rDNA heterochromatin formation,transcription coregulator activity; transcription coactivator activity; iron ion binding; protein binding; zinc ion binding; zinc ion binding; oxidoreductase activity; histone H3K9 demethylase activity; histone H4K20 demethylase activity; histone H4K20 demethylase activity; metal ion binding; dioxygenase activity; histone H3K4me3 reader activity; histone H3 demethylase activity,"chromosome, centromeric region; kinetochore; kinetochore; nucleus; nucleus; nucleoplasm; nucleoplasm; chromosome; nucleolus; nucleolus"
PRIM1,DNA primase subunit 1,"The replication of DNA in eukaryotic cells is carried out by a complex chromosomal replication apparatus, in which DNA polymerase alpha and primase are two key enzymatic components. Primase, which is a heterodimer of a small subunit and a large subunit, synthesizes small RNA primers for the Okazaki fragments made during discontinuous DNA replication. The protein encoded by this gene is the small, 49 kDa primase subunit. [provided by RefSeq, Jul 2008].","DNA replication; DNA replication, synthesis of primer; DNA replication, synthesis of primer; DNA replication, synthesis of primer; DNA replication initiation; DNA replication initiation",magnesium ion binding; DNA-directed RNA polymerase activity; DNA-directed RNA polymerase activity; DNA-directed RNA polymerase activity; DNA-directed RNA polymerase activity; protein binding; zinc ion binding; transferase activity; nucleotidyltransferase activity; ribonucleotide binding; metal ion binding,DNA-directed RNA polymerase complex; nucleoplasm; alpha DNA polymerase:primase complex; alpha DNA polymerase:primase complex; alpha DNA polymerase:primase complex; alpha DNA polymerase:primase complex; membrane
CEP120,centrosomal protein 120,"This gene encodes a protein that functions in the microtubule-dependent coupling of the nucleus and the centrosome. A similar protein in mouse plays a role in both interkinetic nuclear migration, which is a characteristic pattern of nuclear movement in neural progenitors, and in neural progenitor self-renewal. Mutations in this gene are predicted to result in neurogenic defects. Alternative splicing results in multiple transcript variants. [provided by RefSeq, Oct 2009].",microtubule cytoskeleton organization; centrosome cycle; centrosome cycle; cell population proliferation; positive regulation of centrosome duplication; positive regulation of centrosome duplication; cerebral cortex development; neurogenesis; interkinetic nuclear migration; interkinetic nuclear migration; astral microtubule organization; regulation of protein localization; regulation of microtubule-based process; positive regulation of cilium assembly; positive regulation of cilium assembly; positive regulation of centriole elongation; positive regulation of centriole elongation; positive regulation of establishment of protein localization,protein binding,cytoplasm; centrosome; centrosome; centrosome; centriole; centriole; cytoskeleton
GCK,glucokinase,"This gene encodes a member of the hexokinase family of proteins. Hexokinases phosphorylate glucose to produce glucose-6-phosphate, the first step in most glucose metabolism pathways. In contrast to other forms of hexokinase, this enzyme is not inhibited by its product glucose-6-phosphate but remains active while glucose is abundant. The use of multiple promoters and alternative splicing of this gene result in distinct protein isoforms that exhibit tissue-specific expression in the pancreas and liver. In the pancreas, this enzyme plays a role in glucose-stimulated insulin secretion, while in the liver, this enzyme is important in glucose uptake and conversion to glycogen. Mutations in this gene that alter enzyme activity have been associated with multiple types of diabetes and hyperinsulinemic hypoglycemia. [provided by RefSeq, Aug 2017].",intracellular glucose homeostasis; intracellular glucose homeostasis; intracellular glucose homeostasis; carbohydrate metabolic process; glucose metabolic process; glucose metabolic process; glucose catabolic process; glycolytic process; glycolytic process; regulation of glycolytic process; NADP metabolic process; response to glucose; hexose metabolic process; positive regulation of insulin secretion; positive regulation of insulin secretion; cellular response to insulin stimulus; glucose homeostasis; glucose homeostasis; regulation of potassium ion transport; cellular response to leptin stimulus; negative regulation of gluconeogenesis; positive regulation of glycogen biosynthetic process; carbohydrate phosphorylation; regulation of insulin secretion; regulation of insulin secretion; regulation of insulin secretion; glucose 6-phosphate metabolic process; glucose 6-phosphate metabolic process; canonical glycolysis; calcium ion import,"nucleotide binding; catalytic activity; glucokinase activity; glucokinase activity; glucokinase activity; glucokinase activity; glucokinase activity; hexokinase activity; protein binding; ATP binding; ATP binding; D-glucose binding; D-glucose binding; fructokinase activity; fructokinase activity; kinase activity; transferase activity; phosphotransferase activity, alcohol group as acceptor; mannokinase activity; mannokinase activity; glucose sensor activity",nucleus; nucleoplasm; cytoplasm; mitochondrion; mitochondrion; cytosol; cytosol; cytosol; cytosol
PAX5,paired box 5,"This gene encodes a member of the paired box (PAX) family of transcription factors. The central feature of this gene family is a novel, highly conserved DNA-binding motif, known as the paired box. Paired box transcription factors are important regulators in early development, and alterations in the expression of their genes are thought to contribute to neoplastic transformation. This gene encodes the B-cell lineage specific activator protein that is expressed at early, but not late stages of B-cell differentiation. Its expression has also been detected in developing CNS and testis and so the encoded protein may also play a role in neural development and spermatogenesis. This gene is located at 9p13, which is involved in t(9;14)(p13;q32) translocations recurring in small lymphocytic lymphomas of the plasmacytoid subtype, and in derived large-cell lymphomas. This translocation brings the potent E-mu enhancer of the IgH gene into close proximity of the PAX5 promoter, suggesting that the deregulation of transcription of this gene contributes to the pathogenesis of these lymphomas. Alternative splicing results in multiple transcript variants encoding different isoforms. [provided by RefSeq, Jul 2013].",negative regulation of transcription by RNA polymerase II; regulation of DNA-templated transcription; regulation of DNA-templated transcription; regulation of transcription by RNA polymerase II; transcription by RNA polymerase II; spermatogenesis; nervous system development; nervous system development; sensory organ development; lateral ventricle development; cerebral cortex development; cell differentiation; B cell differentiation; adult behavior; skeletal muscle cell differentiation; positive regulation of transcription by RNA polymerase II; embryonic cranial skeleton morphogenesis,"RNA polymerase II cis-regulatory region sequence-specific DNA binding; RNA polymerase II cis-regulatory region sequence-specific DNA binding; DNA-binding transcription factor activity, RNA polymerase II-specific; DNA-binding transcription factor activity, RNA polymerase II-specific; DNA-binding transcription activator activity, RNA polymerase II-specific; DNA binding; DNA-binding transcription factor activity; protein binding",chromatin; nucleus; nucleoplasm; nucleoplasm
SLC30A8,solute carrier family 30 member 8,"The protein encoded by this gene is a zinc efflux transporter involved in the accumulation of zinc in intracellular vesicles. This gene is expressed at a high level only in the pancreas, particularly in islets of Langerhans. The encoded protein colocalizes with insulin in the secretory pathway granules of the insulin-secreting INS-1 cells. Allelic variants of this gene exist that confer susceptibility to diabetes mellitus, noninsulin-dependent (NIDDM). Several transcript variants encoding different isoforms have been found for this gene.[provided by RefSeq, Mar 2010].",monoatomic ion transport; monoatomic cation transport; zinc ion transport; zinc ion transport; intracellular zinc ion homeostasis; intracellular zinc ion homeostasis; response to glucose; response to glucose; response to glucose; response to zinc ion; insulin processing; insulin processing; insulin secretion; insulin secretion; insulin secretion; positive regulation of insulin secretion; positive regulation of insulin secretion; response to type II interferon; glucose homeostasis; transmembrane transport; regulation of vesicle-mediated transport; regulation of vesicle-mediated transport; zinc ion import into organelle; zinc ion import into organelle; response to interleukin-1; zinc ion transmembrane transport; zinc ion transmembrane transport; zinc ion import across plasma membrane; zinc ion import across plasma membrane,zinc ion transmembrane transporter activity; zinc ion transmembrane transporter activity; zinc ion transmembrane transporter activity; zinc ion transmembrane transporter activity; protein binding; zinc ion binding; monoatomic cation transmembrane transporter activity; antiporter activity; protein homodimerization activity; protein homodimerization activity; metal ion binding; zinc:proton antiporter activity,Golgi membrane; Golgi apparatus; plasma membrane; plasma membrane; plasma membrane; membrane; secretory granule; secretory granule; transport vesicle membrane; secretory granule membrane; secretory granule membrane; secretory granule membrane; cytoplasmic vesicle; cytoplasmic vesicle; intracellular membrane-bounded organelle
IRS1,insulin receptor substrate 1,"This gene encodes a protein which is phosphorylated by insulin receptor tyrosine kinase. Mutations in this gene are associated with type II diabetes and susceptibility to insulin resistance. [provided by RefSeq, Nov 2009].",signal transduction; signal transduction; positive regulation of cell population proliferation; insulin receptor signaling pathway; insulin receptor signaling pathway; insulin receptor signaling pathway; insulin receptor signaling pathway; insulin receptor signaling pathway; positive regulation of glucose metabolic process; cytokine-mediated signaling pathway; positive regulation of fatty acid beta-oxidation; response to insulin; cellular response to insulin stimulus; glucose homeostasis; phosphatidylinositol 3-kinase/protein kinase B signal transduction; positive regulation of glycogen biosynthetic process; positive regulation of glycogen biosynthetic process; positive regulation of D-glucose import; positive regulation of D-glucose import; negative regulation of insulin receptor signaling pathway; positive regulation of insulin receptor signaling pathway; positive regulation of insulin receptor signaling pathway; negative regulation of insulin secretion; insulin-like growth factor receptor signaling pathway; positive regulation of phosphatidylinositol 3-kinase/protein kinase B signal transduction; cellular response to fatty acid,phosphotyrosine residue binding; transmembrane receptor protein tyrosine kinase adaptor activity; transmembrane receptor protein tyrosine kinase adaptor activity; protein kinase C binding; insulin receptor binding; insulin receptor binding; insulin receptor binding; insulin-like growth factor receptor binding; protein binding; signaling receptor complex adaptor activity; signaling adaptor activity; SH2 domain binding; phosphatidylinositol 3-kinase binding; phosphatidylinositol 3-kinase binding; phosphatidylinositol 3-kinase binding,nucleus; nucleus; nucleoplasm; cytoplasm; cytoplasm; cytoplasm; cytosol; cytosol; cytosol; plasma membrane; plasma membrane; plasma membrane; insulin receptor complex; caveola; intracellular membrane-bounded organelle; intracellular membrane-bounded organelle
CDKAL1,CDKAL1 threonylcarbamoyladenosine tRNA methylthiotransferase,"The protein encoded by this gene is a member of the methylthiotransferase family. The function of this gene is not known. Genome-wide association studies have linked single nucleotide polymorphisms in an intron of this gene with susceptibilty to type 2 diabetes. [provided by RefSeq, May 2010].",tRNA modification; tRNA processing; biological_process; tRNA methylthiolation; tRNA methylthiolation; tRNA methylthiolation; maintenance of translational fidelity,"catalytic activity; protein binding; transferase activity; methylthiotransferase activity; tRNA (N(6)-L-threonylcarbamoyladenosine(37)-C(2))-methylthiotransferase activity; tRNA (N(6)-L-threonylcarbamoyladenosine(37)-C(2))-methylthiotransferase activity; metal ion binding; iron-sulfur cluster binding; 4 iron, 4 sulfur cluster binding",endoplasmic reticulum; endoplasmic reticulum; endoplasmic reticulum membrane; endoplasmic reticulum membrane; rough endoplasmic reticulum; membrane; membrane
SREBF1,sterol regulatory element binding transcription factor 1,"This gene encodes a basic helix-loop-helix-leucine zipper (bHLH-Zip) transcription factor that binds to the sterol regulatory element-1 (SRE1), which is a motif that is found in the promoter of the low density lipoprotein receptor gene and other genes involved in sterol biosynthesis. The encoded protein is synthesized as a precursor that is initially attached to the nuclear membrane and endoplasmic reticulum. Following cleavage, the mature protein translocates to the nucleus and activates transcription. This cleaveage is inhibited by sterols. This gene is located within the Smith-Magenis syndrome region on chromosome 17. Alternative promoter usage and splicing result in multiple transcript variants, including SREBP-1a and SREBP-1c, which correspond to RefSeq transcript variants 2 and 3, respectively. [provided by RefSeq, Nov 2017].",negative regulation of transcription by RNA polymerase II; regulation of heart rate by chemical signal; regulation of DNA-templated transcription; regulation of transcription by RNA polymerase II; regulation of transcription by RNA polymerase II; regulation of transcription by RNA polymerase II; transcription by RNA polymerase II; lipid metabolic process; lipid metabolic process; cholesterol biosynthetic process; response to nutrient; circadian rhythm; steroid metabolic process; cholesterol metabolic process; insulin receptor signaling pathway; lipid biosynthetic process; lipid biosynthetic process; lipid biosynthetic process; cellular response to starvation; cellular response to starvation; response to xenobiotic stimulus; response to glucose; response to fructose; positive regulation of triglyceride biosynthetic process; positive regulation of triglyceride biosynthetic process; regulation of lipid storage; regulation of fatty acid metabolic process; insulin secretion; lung development; intracellular receptor signaling pathway; regulation of protein stability; response to food; response to retinoic acid; response to progesterone; cellular response to insulin stimulus; SREBP signaling pathway; SREBP signaling pathway; response to glucagon; response to lipid; mRNA transcription by RNA polymerase II; response to peptide hormone; fat cell differentiation; response to ethanol; positive regulation of cholesterol biosynthetic process; positive regulation of cholesterol biosynthetic process; positive regulation of cholesterol biosynthetic process; positive regulation of DNA-templated transcription; positive regulation of transcription by RNA polymerase II; positive regulation of transcription by RNA polymerase II; positive regulation of transcription by RNA polymerase II; positive regulation of transcription by RNA polymerase II; positive regulation of transcription by RNA polymerase II; negative regulation of insulin secretion; regulation of insulin secretion; response to cAMP; response to fatty acid; cellular response to fatty acid; negative regulation of triglyceride metabolic process; regulation of mitophagy; positive regulation of miRNA transcription; regulation of protein targeting to mitochondrion,"RNA polymerase II transcription regulatory region sequence-specific DNA binding; RNA polymerase II cis-regulatory region sequence-specific DNA binding; RNA polymerase II cis-regulatory region sequence-specific DNA binding; DNA-binding transcription factor activity, RNA polymerase II-specific; DNA-binding transcription factor activity, RNA polymerase II-specific; DNA-binding transcription factor activity, RNA polymerase II-specific; DNA-binding transcription factor activity, RNA polymerase II-specific; DNA-binding transcription factor activity, RNA polymerase II-specific; transcription coregulator binding; DNA-binding transcription activator activity, RNA polymerase II-specific; DNA-binding transcription activator activity, RNA polymerase II-specific; DNA binding; DNA binding; chromatin binding; DNA-binding transcription factor activity; nuclear receptor activity; protein binding; protein kinase binding; sterol response element binding; sequence-specific DNA binding; protein-containing complex binding; protein dimerization activity; sequence-specific double-stranded DNA binding",Golgi membrane; Golgi membrane; chromatin; nucleus; nucleus; nucleus; nucleus; nucleus; nuclear envelope; nucleoplasm; nucleoplasm; cytoplasm; cytoplasm; endoplasmic reticulum; endoplasmic reticulum; endoplasmic reticulum membrane; endoplasmic reticulum membrane; Golgi apparatus; cytosol; ER to Golgi transport vesicle membrane; membrane; cytoplasmic vesicle; protein-containing complex
JAZF1,JAZF zinc finger 1,"This gene encodes a nuclear protein with three C2H2-type zinc fingers, and functions as a transcriptional repressor. Chromosomal aberrations involving this gene are associated with endometrial stromal tumors. Alternatively spliced variants which encode different protein isoforms have been described; however, not all variants have been fully characterized [provided by RefSeq, Jul 2008].",negative regulation of transcription by RNA polymerase II; lipid metabolic process,transcription corepressor activity; protein binding; zinc ion binding; metal ion binding,fibrillar center; nucleus; nucleus; nucleoplasm; cytosol; transcription repressor complex
GLIS3,GLIS family zinc finger 3,"This gene is a member of the GLI-similar zinc finger protein family and encodes a nuclear protein with five C2H2-type zinc finger domains. This protein functions as both a repressor and activator of transcription and is specifically involved in the development of pancreatic beta cells, the thyroid, eye, liver and kidney. Mutations in this gene have been associated with neonatal diabetes and congenital hypothyroidism (NDH). Alternatively spliced variants that encode different protein isoforms have been described but the full-length nature of only two have been determined. [provided by RefSeq, Jul 2008].",negative regulation of transcription by RNA polymerase II; regulation of transcription by RNA polymerase II; regulation of transcription by RNA polymerase II; transcription by RNA polymerase II; positive regulation of transcription by RNA polymerase II,"RNA polymerase II transcription regulatory region sequence-specific DNA binding; RNA polymerase II cis-regulatory region sequence-specific DNA binding; RNA polymerase II cis-regulatory region sequence-specific DNA binding; DNA-binding transcription factor activity, RNA polymerase II-specific; DNA-binding transcription repressor activity, RNA polymerase II-specific; DNA-binding transcription activator activity, RNA polymerase II-specific; DNA binding; protein binding; zinc ion binding; metal ion binding",nucleus; nucleus; nucleus
ZNRF3,zinc and ring finger 3,"Enables frizzled binding activity and ubiquitin-protein transferase activity. Involved in cellular protein metabolic process and negative regulation of Wnt signaling pathway. Is integral component of plasma membrane. [provided by Alliance of Genome Resources, Apr 2022]","ubiquitin-dependent protein catabolic process; ubiquitin-dependent protein catabolic process; Wnt signaling pathway; protein ubiquitination; protein ubiquitination; negative regulation of Wnt signaling pathway; Wnt receptor catabolic process; Wnt receptor catabolic process; Wnt receptor catabolic process; limb development; regulation of canonical Wnt signaling pathway; stem cell proliferation; stem cell proliferation; negative regulation of canonical Wnt signaling pathway; negative regulation of canonical Wnt signaling pathway; negative regulation of non-canonical Wnt signaling pathway; regulation of Wnt signaling pathway, planar cell polarity pathway",ubiquitin-protein transferase activity; frizzled binding; frizzled binding; protein binding; zinc ion binding; transferase activity; metal ion binding; ubiquitin protein ligase activity; ubiquitin protein ligase activity,plasma membrane; plasma membrane; plasma membrane; plasma membrane; membrane
SLC16A11,solute carrier family 16 member 11,"Enables pyruvate transmembrane transporter activity. Involved in lipid metabolic process. Located in endoplasmic reticulum membrane and plasma membrane. [provided by Alliance of Genome Resources, Apr 2022]",lipid metabolic process; lipid metabolic process; monocarboxylic acid transport; transmembrane transport; pyruvate transmembrane transport,protein binding; monocarboxylic acid transmembrane transporter activity; symporter activity; transmembrane transporter activity; pyruvate transmembrane transporter activity,endoplasmic reticulum; endoplasmic reticulum membrane; endoplasmic reticulum membrane; plasma membrane; plasma membrane; plasma membrane; membrane
KCNJ11,potassium inwardly rectifying channel subfamily J member 11,"Potassium channels are present in most mammalian cells, where they participate in a wide range of physiologic responses. The protein encoded by this gene is an integral membrane protein and inward-rectifier type potassium channel. The encoded protein, which has a greater tendency to allow potassium to flow into a cell rather than out of a cell, is controlled by G-proteins and is found associated with the sulfonylurea receptor SUR. Mutations in this gene are a cause of familial persistent hyperinsulinemic hypoglycemia of infancy (PHHI), an autosomal recessive disorder characterized by unregulated insulin secretion. Defects in this gene may also contribute to autosomal dominant non-insulin-dependent diabetes mellitus type II (NIDDM), transient neonatal diabetes mellitus type 3 (TNDM3), and permanent neonatal diabetes mellitus (PNDM). Multiple alternatively spliced transcript variants that encode different protein isoforms have been described for this gene. [provided by RefSeq, Oct 2009].",action potential; response to hypoxia; response to ischemia; ventricular cardiac muscle tissue development; glucose metabolic process; monoatomic ion transport; potassium ion transport; apoptotic process; response to stress; determination of adult lifespan; response to xenobiotic stimulus; cellular response to nutrient levels; response to ATP; monoatomic ion transmembrane transport; regulation of monoatomic ion transmembrane transport; regulation of membrane potential; negative regulation of insulin secretion; negative regulation of insulin secretion; regulation of insulin secretion; regulation of insulin secretion; nervous system process; CAMKK-AMPK signaling cascade; potassium ion transmembrane transport; inorganic cation transmembrane transport; regulation of presynaptic membrane potential; response to resveratrol; potassium ion import across plasma membrane; potassium ion import across plasma membrane; potassium ion import across plasma membrane; potassium ion import across plasma membrane; potassium ion import across plasma membrane,nucleotide binding; inward rectifier potassium channel activity; voltage-gated potassium channel activity; protein binding; ATP binding; ATP binding; ATP binding; ATP-activated inward rectifier potassium channel activity; ATP-activated inward rectifier potassium channel activity; ATP-activated inward rectifier potassium channel activity; ATP-activated inward rectifier potassium channel activity; ATPase-coupled monoatomic cation transmembrane transporter activity; ankyrin binding; ankyrin binding; potassium ion binding; transmembrane transporter binding; metal ion binding; voltage-gated monoatomic ion channel activity involved in regulation of presynaptic membrane potential; voltage-gated monoatomic ion channel activity involved in regulation of presynaptic membrane potential; voltage-gated monoatomic ion channel activity involved in regulation of presynaptic membrane potential,cytoplasm; plasma membrane; plasma membrane; plasma membrane; plasma membrane; inward rectifying potassium channel; inward rectifying potassium channel; inward rectifying potassium channel; inward rectifying potassium channel; inward rectifying potassium channel; membrane; T-tubule; T-tubule; monoatomic ion channel complex
